Vehicle - new,Vehicle,Colour,Helmet,Distance from kerb,Passing distance
1,1,1,0,0.5,1.864
1,5,2,0,0.5,0.748
1,2,1,0,0.5,1.567
1,1,99,0,0.5,1.39
4,4,9,0,0.5,1.294
1,1,3,0,0.5,1.259
1,2,4,1,1,1.04
1,1,2,1,1,1.262
4,4,2,1,1,0.799
4,7,99,1,1,1.682
1,2,4,1,1,0.895
1,3,4,1,1,1.16
1,1,1,1,1,1.178
1,1,1,1,1,1.244
1,1,1,1,1,1.32
1,2,4,1,1,1.853
1,1,2,1,1,0.646
1,2,4,1,1,0.91
1,1,3,1,1,1.04
1,1,4,1,1,1.713
1,1,3,1,1,2.186
1,1,2,1,1,2.054
1,1,5,1,1,1.232
1,2,4,1,1,1.242
1,1,1,1,1,1.182
1,1,6,1,1,1.254
4,7,99,1,1,0.796
1,1,2,1,1,1.056
6,6,3,1,1,0.9
1,1,1,1,1,1.18
1,2,4,1,1,1.319
1,1,3,1,1,1.546
1,1,5,1,1,1.26
1,2,4,1,1,1.243
1,1,1,1,1,1.011
4,7,99,1,1,1.113
1,1,2,1,1,0.992
1,1,3,1,1,0.855
1,3,3,1,1,1.298
1,2,4,1,1,0.928
1,2,4,1,1,1.492
1,2,2,1,1,1.62
1,5,4,1,1,0.884
1,5,6,1,1,0.544
1,5,9,1,1,0.766
1,2,1,1,1,0.723
1,2,5,1,1,0.936
1,1,2,1,1,1.299
1,1,1,1,1,0.922
1,1,2,1,1,1.057
1,1,4,1,1,1.219
1,1,5,1,1,1.401
1,2,4,1,1,0.666
1,1,1,1,1,1.158
1,1,4,1,1,1.09
1,1,2,1,1,1.14
1,1,3,1,1,1.015
1,1,6,1,1,1.19
1,1,2,1,1,1.201
1,1,2,1,1,0.655
1,5,4,1,1,0.915
1,1,1,1,1,0.868
1,1,3,1,1,1.213
1,1,1,1,1,1.165
1,1,2,1,1,0.559
1,1,1,1,1,1.085
1,1,1,1,1,1.406
1,2,2,1,1,0.978
1,3,5,1,1,1.491
1,1,1,1,1,1.238
1,1,1,1,1,1.215
1,1,1,1,1,1.361
1,3,5,1,1,1.466
1,1,1,1,1,1.701
1,1,2,1,1,1.132
1,2,4,1,1,0.664
1,1,2,1,1,0.693
1,1,2,1,1,1.865
6,6,5,1,1,1.314
1,2,3,1,1,1.08
1,1,4,1,1,1.219
4,7,9,1,1,1.569
1,2,4,1,1,1.093
1,2,1,0,1,1.042
1,1,1,0,1,1.568
1,1,3,0,1,1.33
1,1,5,0,1,1.438
1,2,4,0,1,1.039
1,2,1,0,1,1.229
1,5,4,0,1,0.855
1,2,4,0,1,1.823
1,2,4,0,1,1.158
1,2,4,0,1,1.254
1,1,1,0,1,0.913
1,1,1,0,1,0.773
1,1,3,0,1,0.916
1,2,4,0,1,0.875
1,1,1,0,1,0.662
1,1,3,0,1,1.069
1,1,1,0,1,0.907
1,1,6,0,1,1.663
1,1,6,0,1,1.178
1,5,9,0,1,1.104
1,5,6,0,1,1.132
1,1,2,0,1,0.98
1,1,1,0,1,1.613
1,1,1,0,1,1.363
1,2,4,0,1,1.143
1,1,1,0,1,1.113
1,2,2,0,1,1.263
1,5,1,0,1,1.345
1,1,2,0,1,1.729
1,1,1,0,1,1.565
1,1,5,0,1,1.333
1,2,3,0,1,0.779
1,1,3,0,1,1.105
6,6,2,0,1,1.017
1,1,2,0,1,0.968
1,1,5,0,1,1.488
1,2,2,0,1,0.896
1,1,3,0,1,1.306
1,1,4,0,1,0.95
1,1,1,0,1,1.119
1,2,1,0,1,1.571
1,2,3,0,1,0.664
1,1,3,0,1,1.279
4,7,1,0,1,2.147
1,1,3,0,1,1.367
1,1,1,0,1,0.979
1,1,3,0,1,1.115
1,5,9,0,1,1.145
1,2,4,0,1,1.285
1,1,3,0,1,1.37
1,1,1,0,1,1.945
1,3,3,0,1,1.102
1,1,3,0,1,0.831
1,1,9,0,1,1.302
1,1,1,0,1,1.858
1,3,5,0,1,1.718
1,2,1,0,1,1.354
1,1,3,0,1,1.324
1,1,6,0,1,1.233
1,1,4,0,1,1.205
1,1,3,0,1,1.272
1,1,2,0,1,1.245
1,1,2,0,1,1.091
1,1,1,0,1,1.21
1,1,3,1,1,0.762
1,2,4,1,1,0.934
1,1,3,1,1,0.85
1,1,4,1,1,1.147
1,1,1,1,1,1.304
1,1,3,1,1,1.234
1,1,5,1,1,1.353
1,1,1,1,1,1.058
1,3,1,1,1,1.336
1,2,5,1,1,1.373
1,5,2,1,1,1.074
1,2,1,1,1,1.175
1,1,3,1,1,0.938
1,1,3,1,1,1.205
1,2,4,1,1,1.782
1,1,1,1,1,1.41
1,1,1,1,1,1.055
1,1,5,1,1,1.083
1,2,4,1,1,0.962
1,1,1,1,1,0.893
1,2,1,1,1,0.946
1,2,4,1,1,1.209
1,3,5,1,1,1.478
1,1,3,1,1,1.383
1,2,1,1,1,0.957
1,1,3,1,1,1.398
1,1,1,1,1,1.519
6,6,2,1,1,1.761
1,1,3,1,1,2.061
1,1,1,1,1,1.065
1,1,5,1,1,1.408
1,3,3,1,1,1.796
1,1,1,1,1,1.451
1,1,1,1,1,1.283
1,1,1,1,1,1.874
1,3,1,1,1,1.334
1,1,3,1,1,0.844
1,1,1,1,1,1.747
1,2,4,1,1,1.204
1,1,6,1,1,1.984
1,2,2,1,1,1.412
1,1,9,1,1,2.06
1,1,2,1,1,1.28
1,1,1,1,1,1.379
1,2,1,1,1,1.375
1,1,3,1,1,1.382
6,6,3,1,1,1.078
1,1,3,1,1,1.682
1,1,1,1,1,1.033
1,1,6,1,1,0.848
1,1,3,1,1,0.942
1,1,5,1,1,1.003
1,3,9,1,1,0.862
1,1,2,1,1,1.053
1,2,1,1,1,0.935
1,5,2,1,1,1.16
1,3,1,1,1,1.579
1,1,3,1,1,1.702
1,1,6,1,1,1.156
1,2,4,1,1,1.123
1,1,2,1,1,1.148
1,1,1,1,1,1.67
1,1,1,1,1,1.914
1,1,1,1,1,1.529
1,3,1,1,1,1.416
1,3,3,1,1,1.864
1,1,3,1,1,1.081
1,1,1,1,1,1.209
1,1,3,1,1,1.321
1,1,1,1,1,1.723
1,1,1,1,1,1.515
1,1,2,1,1,1.359
1,3,3,1,1,1.173
1,1,3,1,1,1.088
1,2,4,1,1,1.655
1,1,6,1,1,1.823
1,1,1,1,1,1.215
1,2,4,1,1,1.215
1,1,1,1,1,1.315
1,1,5,1,1,1.206
1,1,1,1,1,1.47
1,1,3,1,1,1.103
1,1,3,1,1,1.212
1,2,4,1,1,1.256
1,1,1,1,1,1.001
1,1,5,1,1,1.178
1,1,1,1,1,2.055
1,2,4,1,1,1.185
1,1,3,1,1,1.515
1,1,1,1,1,1.671
6,6,5,1,1,1.776
6,6,5,1,1,1.501
1,2,4,1,1,1.834
1,1,4,1,1,2.139
1,3,5,1,1,1.343
1,1,3,1,1,1.536
1,1,3,1,1,0.984
1,1,2,1,1,1.35
1,1,2,1,1,1.084
1,1,3,1,1,0.973
1,1,2,1,1,1.369
1,1,1,1,1,1.166
1,1,1,1,1,0.902
1,2,3,1,1,1.341
1,3,3,1,1,1.731
6,6,1,1,1,1.105
1,1,1,1,1,0.452
1,1,6,1,1,1.165
1,1,1,1,1,1.569
1,1,2,1,1,1.174
1,2,4,1,1,2.07
1,1,3,1,1,1.201
1,1,6,1,1,0.908
6,6,1,1,1,0.799
1,1,3,1,1,1.512
1,1,3,1,1,1.152
1,1,1,1,1,1.172
1,1,5,1,1,1.292
1,1,2,1,1,1.441
1,1,5,1,1,1.184
1,1,3,1,1,1.48
1,3,5,1,1,1.708
6,6,1,1,1,1.459
1,2,2,1,1,1.113
1,5,3,1,1,0.932
1,3,3,1,1,1.183
1,1,6,1,1,1.274
1,1,6,1,1,2.135
1,1,5,1,1,0.698
1,1,9,1,1,1.42
1,3,5,0,0.25,1.414
1,1,1,0,0.25,1.279
1,1,4,0,0.25,0.973
1,1,1,0,0.25,0.999
1,1,2,0,0.25,2.191
1,1,3,0,0.25,1.015
1,1,1,0,0.25,2.212
1,1,2,0,0.25,1.639
1,1,5,0,0.25,0.831
1,1,4,0,0.25,1.108
1,1,3,0,0.25,2.159
1,1,1,0,0.25,1.629
1,1,6,0,0.25,1.304
1,1,3,0,0.25,0.96
1,2,4,0,0.25,1.195
1,1,1,0,0.25,1.142
1,1,3,0,0.25,1.323
1,1,1,0,0.25,1.279
1,1,2,0,0.25,1.089
1,1,2,0,0.25,1.685
1,1,6,0,0.25,1.325
1,1,2,0,0.25,1.944
1,1,1,0,0.25,0.961
1,1,2,0,0.25,0.974
1,1,1,0,0.25,1.498
1,1,1,0,0.25,1.86
1,1,2,0,0.25,1.635
1,1,3,0,0.25,1.7
1,1,3,0,0.25,1.874
1,1,1,0,0.25,1.621
1,1,1,0,0.25,1.459
1,3,2,0,0.25,1.261
1,1,3,0,0.25,1.154
1,1,3,0,0.25,1.464
1,1,5,0,0.25,1.713
1,1,9,0,0.25,1.804
1,1,3,0,0.25,1.838
1,1,1,0,0.25,2.196
1,1,2,0,0.25,2.459
1,2,4,0,0.25,1.651
1,1,3,0,0.25,0.957
1,1,1,0,0.25,1.215
1,1,2,0,0.25,1.373
1,1,1,0,0.25,0.989
1,1,3,0,0.25,1.245
1,1,2,0,0.25,1.394
1,2,4,0,0.25,1.509
1,1,5,0,0.25,1.729
1,3,2,0,0.25,1.611
1,1,3,0,0.25,1.838
1,3,1,0,0.25,1.666
1,1,1,0,0.25,1.423
1,1,1,0,0.25,1.6
1,1,5,0,0.25,1.964
1,1,2,0,0.25,1.448
1,1,5,0,0.25,1.931
1,1,1,0,0.25,2.41
1,1,3,0,0.25,1.697
1,1,1,0,0.25,1.852
1,1,1,0,0.25,1.638
1,1,2,0,0.25,1.96
1,3,6,0,0.25,1.933
1,1,3,0,0.25,1.771
1,3,6,0,0.25,1.83
1,1,3,0,0.25,1.698
1,1,2,0,0.25,1.589
1,1,1,0,0.25,1.196
1,1,2,0,0.25,1.064
1,1,5,0,0.25,1.29
1,1,1,0,0.25,1.168
1,1,1,0,0.25,1.577
1,1,1,0,0.25,1.633
1,1,4,0,0.25,1.219
1,3,5,0,0.25,1.233
1,1,5,0,0.25,1.441
1,1,5,0,0.25,1.749
1,2,4,0,0.25,0.995
1,1,1,0,0.25,2.128
1,1,2,0,0.25,1.357
1,1,3,0,0.25,1.438
1,1,1,0,0.25,1.323
1,1,3,0,0.25,1.322
1,3,4,0,0.25,1.463
1,1,2,0,0.25,0.893
1,1,2,0,0.25,1.253
6,6,4,1,0.25,1.626
1,1,3,1,0.25,1.431
1,1,5,1,0.25,1.935
1,1,3,1,0.25,1.714
1,1,1,1,0.25,1.39
1,3,5,1,0.25,1.337
1,1,3,1,0.25,2.325
1,1,5,1,0.25,1.423
1,1,1,1,0.25,1.59
1,1,1,1,0.25,1.511
1,1,5,1,0.25,1.163
4,7,99,1,0.25,0.998
1,1,3,1,0.25,1.034
1,1,3,1,0.25,1.69
1,1,5,1,0.25,1.823
1,1,5,1,0.25,1.307
1,1,3,1,0.25,1.772
1,1,3,1,0.25,1.688
1,1,3,1,0.25,1.625
4,4,2,1,0.25,1.278
4,4,2,1,0.25,1.098
1,1,2,1,0.25,1.666
1,1,4,1,0.25,1.933
1,1,1,1,0.25,1.513
1,2,1,1,0.25,1.554
1,1,1,1,0.25,1.542
1,1,3,1,0.25,1.654
1,1,5,1,0.25,1.396
1,1,1,1,0.25,1.311
1,1,1,1,0.25,1.476
1,1,6,1,0.25,1.398
1,1,3,1,0.25,0.998
1,1,2,1,0.25,1.383
1,1,3,1,0.25,1.641
1,3,4,1,0.25,2.078
6,6,1,1,0.25,1.595
1,1,1,1,0.25,2.004
1,3,4,1,0.25,1.452
1,1,5,1,0.25,1.954
4,4,4,1,0.25,1.431
1,1,1,1,0.25,1.48
1,1,2,1,0.25,1.366
1,1,1,1,0.25,1.423
1,1,2,1,0.25,1.228
1,1,9,1,0.25,1.157
1,1,5,1,0.25,1.667
1,1,5,1,0.25,1.14
1,1,5,1,0.25,1.543
1,1,6,1,0.25,1.777
1,1,1,1,0.25,1.814
1,1,2,1,0.25,1.289
1,1,2,1,0.25,1.619
1,3,5,1,0.25,1.59
1,1,3,1,0.25,1.042
1,1,2,1,0.25,1.112
1,1,4,1,0.25,1.182
1,1,3,1,0.25,1.11
1,1,1,1,0.25,1.206
1,1,1,1,0.25,0.974
1,2,3,1,0.25,1.298
1,1,6,1,0.25,1.35
1,1,1,1,0.25,0.932
1,1,1,1,0.25,1.215
1,1,1,1,0.25,1.069
1,1,3,1,0.25,0.974
1,3,3,1,0.25,1.581
1,1,1,1,0.25,1.443
1,1,1,1,0.25,1.629
1,1,4,1,0.25,1.28
1,1,3,1,0.25,1.28
1,1,3,1,0.25,1.848
1,1,6,1,0.25,1.68
1,1,3,1,0.25,2.032
1,1,1,1,0.25,1.883
1,1,3,1,0.25,1.663
1,1,2,1,0.25,1.525
1,3,1,1,0.25,1.115
1,1,2,1,0.25,1.546
1,1,6,1,0.25,1.621
1,1,3,1,0.25,1.677
1,1,2,1,0.25,1.22
1,1,1,1,0.25,1.445
1,2,4,1,0.25,1.06
1,2,3,1,0.25,0.931
1,1,2,1,0.25,1.214
1,1,1,1,0.25,1.881
1,3,1,1,0.25,1.642
6,6,1,1,0.25,1.527
1,1,3,1,0.25,1.672
1,1,1,1,0.25,1.768
1,1,5,1,0.25,1.259
1,1,2,1,0.25,1.277
1,1,3,1,0.25,1.055
1,1,5,1,0.25,1.166
1,1,1,1,0.25,0.712
1,1,3,1,0.25,0.924
1,3,5,1,0.25,1.165
1,1,1,1,0.25,1.578
1,1,3,1,0.25,1.127
1,1,4,1,0.25,1.335
6,6,1,1,0.25,1.444
1,1,1,1,0.25,1.151
1,1,1,1,0.25,1.297
1,1,5,1,0.25,1.23
1,1,1,1,0.25,1.256
1,1,5,1,0.25,1.447
1,1,4,1,0.25,1.384
1,1,3,1,0.25,1.196
1,1,5,1,0.25,1.099
1,1,2,1,0.25,1.403
1,1,5,1,0.25,1.138
1,1,1,1,0.25,1.256
1,1,2,1,0.25,1.942
1,1,1,1,0.25,1.274
1,1,1,1,0.25,1.287
1,1,2,1,0.25,1.32
1,1,3,1,0.25,1.889
1,1,3,1,0.25,1.381
1,1,1,1,0.25,0.991
1,1,2,1,0.25,1.032
1,1,3,1,0.25,1.048
1,1,4,1,0.25,0.949
1,2,4,1,0.25,0.929
1,3,2,1,0.25,1.506
1,1,1,1,0.25,2.24
4,4,4,1,0.25,1.006
1,1,3,1,0.25,1.398
1,1,3,1,0.25,1.192
4,4,4,0,0.25,1.565
1,2,1,0,0.25,1.573
1,1,3,0,0.25,0.874
1,1,1,0,0.25,1.999
1,2,4,0,0.25,1.697
1,2,3,0,0.25,1.579
1,2,3,0,0.25,1.76
1,2,4,0,0.25,1.842
1,1,3,0,0.25,1.304
1,1,3,0,0.25,0.422
1,1,3,0,0.25,1.333
1,2,4,0,0.25,1.377
1,1,5,0,0.25,1.361
4,7,99,0,0.25,0.948
4,7,99,0,0.25,0.821
4,7,99,0,0.25,1.021
4,7,99,0,0.25,1.243
4,7,99,0,0.25,0.987
4,7,99,0,0.25,1.22
1,2,4,0,0.25,1.294
1,3,1,0,0.25,1.825
1,1,3,0,0.25,2.039
1,1,1,0,0.25,2.411
1,1,2,0,0.25,1.294
1,1,1,0,0.25,1.773
1,1,6,0,0.25,1.774
1,3,2,0,0.25,1.748
1,1,3,0,0.25,1.221
1,1,3,0,0.25,2.081
1,1,2,0,0.25,2.248
1,3,5,0,0.25,1.818
1,1,1,0,0.25,1.643
1,5,4,0,0.25,1.068
1,1,3,0,0.25,1.492
1,1,2,0,0.25,1.324
1,1,3,0,0.25,1.624
1,2,4,0,0.25,1.236
1,5,4,0,0.25,1.808
1,1,6,0,0.25,1.793
1,1,1,0,0.25,1.496
1,1,3,0,0.25,1.287
1,1,3,0,0.25,0.98
1,2,4,0,0.25,1.089
1,1,3,0,0.25,1.124
1,1,6,0,0.25,1.551
1,1,3,0,0.25,1.313
1,1,3,0,0.25,1.542
1,1,2,0,0.25,1.961
1,1,3,0,0.25,1.6
1,2,4,0,0.25,1.544
1,1,6,0,0.25,1.06
1,5,4,0,0.25,1.842
1,2,4,0,0.25,2.145
1,1,5,0,0.25,1.609
1,1,3,0,0.25,1.624
1,1,1,0,0.25,1.836
1,1,1,0,0.25,1.797
1,1,5,0,0.25,1.736
1,1,3,0,0.25,1.162
1,1,2,0,0.25,1.385
1,2,3,0,0.25,1.004
1,2,4,0,0.25,1.665
1,1,5,0,0.25,1.882
1,2,4,0,0.25,1.229
1,1,5,0,0.25,1.573
1,1,4,0,0.25,1.237
1,1,3,0,0.25,1.539
1,5,4,0,0.25,1.489
1,1,3,0,0.25,1.232
1,1,1,0,0.25,1.573
1,1,1,0,0.25,1.642
1,2,4,0,0.25,2.088
1,2,4,0,0.25,1.138
1,3,6,0,0.25,1.78
1,1,3,0,0.25,1.363
1,1,3,0,0.25,2.027
1,1,5,0,0.25,1.591
1,1,5,0,0.25,1.331
1,1,3,0,0.25,1.531
1,1,5,0,0.25,1.708
1,2,4,0,0.25,1.486
1,2,4,0,0.25,1.214
1,2,4,0,0.25,1.435
1,5,4,0,0.25,1.79
1,1,1,0,0.25,1.363
1,1,1,0,0.25,1.049
1,5,4,0,0.25,1.86
1,1,3,0,0.25,2.083
1,1,1,0,0.25,1.502
1,1,3,0,0.25,1.139
1,2,2,0,0.25,1.977
4,4,2,0,0.25,1.134
1,1,3,0,0.25,1.589
1,1,1,0,0.25,2.609
1,1,4,0,0.25,1.611
1,1,5,0,0.25,1.069
6,6,5,0,0.25,1.232
1,2,2,0,0.25,1.095
1,1,3,0,0.25,0.774
1,3,6,0,0.25,0.827
1,1,1,0,0.25,0.868
1,1,1,0,0.25,1.337
4,4,2,0,0.25,1.2
1,1,9,0,0.25,1.338
1,5,2,0,0.25,1.859
1,5,4,0,0.25,0.952
1,1,1,0,0.25,1.649
1,2,4,0,0.25,1.325
1,1,1,0,0.25,1.326
1,1,2,0,0.25,1.761
1,1,3,0,0.25,1.319
1,1,1,0,0.25,1.408
1,1,3,0,0.25,2.965
1,1,3,0,0.25,1.585
1,1,1,0,0.25,1.072
1,1,1,0,0.25,1.35
1,1,2,0,0.25,1.515
1,1,1,0,0.25,1.312
1,1,3,0,0.25,1.914
1,1,5,0,0.25,1.214
1,1,5,0,0.25,1.866
1,1,2,0,0.25,1.847
1,1,5,0,0.25,2.27
1,1,3,0,0.25,1.611
1,1,1,0,0.25,2.389
1,1,5,0,0.25,1.234
1,1,2,0,0.25,1.314
1,1,2,0,0.25,1.577
1,1,3,0,0.25,1.383
1,1,6,0,0.25,1.625
1,1,1,0,0.25,1.31
1,1,2,0,0.25,1.127
1,1,3,0,0.25,1.385
1,1,3,0,0.25,1.334
6,6,5,0,0.25,1.054
1,1,5,0,0.25,0.691
1,1,3,0,0.25,1.155
1,1,2,0,0.25,1.829
1,1,2,0,0.25,1.736
1,1,1,1,0.25,1.115
1,1,2,1,0.25,1.36
1,1,3,1,0.25,1.662
1,1,1,1,0.25,1.356
1,1,5,1,0.25,1.598
1,1,1,1,0.25,1.341
1,1,9,1,0.25,1.799
1,1,3,1,0.25,1.817
1,3,1,1,0.25,2.014
1,1,9,1,0.25,1.874
1,1,2,1,0.25,1.577
1,2,4,1,0.25,1.581
1,3,5,1,0.25,1.274
1,1,2,1,0.25,1.08
1,1,1,1,0.25,1.122
1,2,2,1,0.25,1.928
1,2,4,1,0.25,1.495
1,1,5,1,0.25,0.928
1,1,1,1,0.25,1.25
1,1,1,1,0.25,1.3
1,1,3,1,0.25,1.359
6,6,4,1,0.25,1.248
1,1,2,1,0.25,1.565
1,1,1,1,0.25,1.65
1,1,5,1,0.25,1.738
1,1,3,1,0.25,1.275
1,2,4,1,0.25,1.464
1,2,4,1,0.25,0.904
1,1,1,1,0.25,2.132
1,1,5,1,0.25,2.734
1,1,5,1,0.25,2.131
1,2,3,1,0.25,1.26
1,1,2,1,0.25,1.049
1,1,1,1,0.25,1.297
1,1,2,1,0.25,1.45
6,6,5,1,0.25,0.891
4,4,4,1,0.25,0.821
1,1,3,1,0.25,0.788
1,1,2,1,0.25,1.654
1,1,2,1,0.25,0.971
1,1,2,1,1,1.189
1,1,3,1,1,1.103
1,1,4,1,1,1.308
1,1,2,1,1,0.544
1,1,3,1,1,1.174
1,1,1,1,1,2.217
1,1,2,1,1,1.208
1,1,2,1,1,1.152
1,2,4,1,1,0.692
1,1,2,1,1,1.782
1,2,4,1,1,0.656
1,1,3,1,1,0.851
1,1,1,1,1,1.121
1,1,2,1,1,1.29
1,1,4,1,1,1.022
1,5,1,1,1,0.797
1,1,3,1,1,1.178
1,1,3,1,1,0.848
1,3,1,1,1,0.805
1,1,2,1,1,1.009
1,5,1,1,1,0.663
1,1,2,1,1,1.272
1,2,1,1,1,1.635
1,1,3,1,1,0.973
1,1,4,1,1,1.133
1,1,2,1,1,1.648
1,1,1,1,1,1.749
1,1,3,1,1,1.421
1,1,5,1,1,1.315
1,5,2,1,1,1.104
1,1,1,1,1,1.008
1,1,3,1,1,1.181
1,1,3,1,1,0.663
1,1,1,1,1,0.798
1,1,1,1,1,0.782
1,1,3,1,1,1.105
1,1,2,1,1,1.163
1,2,4,1,1,0.785
1,2,4,1,1,0.919
1,1,3,1,1,1.324
1,2,4,1,1,1.386
4,7,9,1,1,0.564
1,5,2,1,1,1.635
1,5,1,1,1,1.401
1,1,5,1,1,1.888
1,1,1,1,1,1.266
1,3,1,1,1,0.644
1,1,2,1,1,0.964
1,1,2,1,1,0.802
1,1,4,1,1,1.708
1,1,5,1,1,1.369
1,1,4,1,1,1.239
1,1,6,1,1,1.433
1,1,6,0,0.5,1.454
6,6,5,0,0.5,1.153
1,3,2,0,0.5,0.721
1,1,3,0,0.5,2.121
1,1,2,0,0.5,1.534
1,1,2,0,0.5,1.462
1,1,3,0,0.5,1.453
1,1,1,0,0.5,1.276
1,1,3,0,0.5,1.91
1,1,1,0,0.5,1.31
1,1,3,0,0.5,0.992
1,1,4,0,0.5,0.931
1,1,1,0,0.5,1.788
1,1,5,0,0.5,0.921
1,1,5,0,0.5,0.779
1,2,9,0,0.5,1.438
1,1,3,0,0.5,1.047
1,1,1,0,0.5,1.398
1,1,1,0,0.5,1.073
1,1,2,0,0.5,1.358
1,1,1,0,0.5,1.957
1,1,3,0,0.5,1.316
1,1,1,0,0.5,1.031
1,1,4,0,0.5,1.433
1,2,4,0,0.5,1.128
1,2,4,0,0.5,1.103
1,1,6,0,0.5,0.822
1,1,3,0,0.5,1.222
1,1,5,0,0.5,1.608
6,6,5,0,0.5,0.994
1,1,2,0,0.5,1.368
1,2,4,0,0.5,1.77
1,1,5,0,0.5,1.461
1,1,3,0,0.5,1.556
1,1,2,0,0.5,1.284
1,1,3,0,0.5,2.237
1,1,1,0,0.5,1.874
1,1,1,0,0.5,2.218
1,5,3,0,0.5,1.606
1,2,4,0,0.5,1.04
1,1,1,0,0.5,0.986
1,1,3,0,0.5,0.969
1,1,2,0,0.5,1.039
1,2,4,0,0.5,1.406
1,1,2,0,0.5,0.947
1,3,1,0,0.5,0.855
1,1,2,0,0.5,1.155
1,1,3,0,0.5,0.628
1,1,1,0,0.5,1.248
1,1,2,0,0.5,1.427
1,3,1,0,0.5,1.222
4,7,2,0,0.5,1.081
1,1,5,0,0.5,1.081
1,2,3,0,0.5,2.259
1,1,1,0,0.5,2.372
1,1,6,0,0.5,1.037
1,1,3,0,0.5,1.403
1,1,1,0,0.5,1.443
1,2,5,0,0.5,1.549
1,1,1,0,0.5,1.955
1,1,1,1,0.5,1.753
1,1,1,1,0.5,1.603
1,1,5,1,0.5,1.2
1,1,3,1,0.5,0.983
1,1,1,1,0.5,0.889
1,1,3,1,0.5,1.621
1,2,3,1,0.5,1.397
1,1,1,1,0.5,1.543
1,1,1,1,0.5,1.683
1,1,6,1,0.5,1.384
1,2,4,1,0.5,1.351
1,1,1,1,0.5,1.947
1,2,4,1,0.5,1.644
1,1,3,1,0.5,1.291
1,1,3,1,0.5,1.705
1,1,3,1,0.5,0.633
1,1,6,1,0.5,1.143
1,1,1,1,0.5,0.948
1,1,3,1,0.5,1.754
1,2,3,1,0.5,1.765
4,4,6,1,0.5,1.027
1,1,1,1,0.5,1.269
1,1,1,1,0.5,1.291
1,1,2,1,0.5,0.697
1,1,2,1,0.5,1.398
4,7,1,1,0.5,1.527
1,1,4,1,0.5,2.214
1,2,3,1,0.5,2.278
1,2,4,1,0.5,1.173
4,7,1,1,0.5,1.429
1,1,1,1,0.5,1.561
1,1,3,1,0.5,1.41
1,1,5,1,0.5,1.152
1,1,6,1,0.5,1.036
1,2,4,1,0.5,1.475
1,3,3,1,0.5,1.075
1,1,1,1,0.5,1.291
1,1,3,1,0.5,1.214
1,2,4,1,0.5,1.286
1,1,2,1,0.5,0.9
1,1,2,1,0.5,1.174
1,1,5,1,0.5,1.424
1,1,3,1,0.5,1.591
1,1,6,1,0.5,1.76
4,4,2,1,0.5,1.311
1,2,9,1,0.5,1.89
1,2,3,1,0.5,1.607
1,2,1,1,0.5,1.628
1,2,4,1,0.5,1.348
1,1,4,1,0.5,1.099
1,2,4,1,0.5,1.291
1,1,1,1,0.5,1.7
1,1,1,1,0.5,1.105
1,2,4,1,0.5,1.335
1,1,3,1,0.5,1.208
1,1,3,1,0.5,0.989
1,1,3,1,0.5,1.156
1,1,9,0,0.5,2.114
1,1,3,0,0.5,1.494
1,1,2,0,0.5,2.135
1,1,4,0,0.5,1.654
1,3,3,0,0.5,1.572
1,1,1,0,0.5,1.231
1,1,3,0,0.5,1.078
1,1,2,0,0.5,1.359
1,1,4,0,0.5,0.901
1,1,1,0,0.5,0.905
1,1,3,0,0.5,1.148
1,1,1,0,0.5,1.121
1,1,1,0,0.5,1.503
1,1,4,0,0.5,1.063
1,1,5,0,0.5,0.864
1,1,3,0,0.5,1.488
1,1,3,0,0.5,1.374
1,1,9,0,0.5,1.09
1,1,1,0,0.5,2.014
1,1,6,0,0.5,1.095
1,1,6,0,0.5,1.381
1,1,5,0,0.5,1.089
1,1,3,0,0.5,1.379
1,1,1,0,0.5,1.096
1,1,3,0,0.25,1.712
1,1,6,0,0.25,1.456
1,3,4,0,0.25,1.432
1,1,3,0,0.25,1.711
1,1,1,0,0.25,1.592
1,1,2,0,0.25,1.321
1,1,1,0,0.25,1.449
1,1,5,0,0.25,1.319
1,1,5,0,0.25,1.768
4,4,6,0,0.25,0.523
1,1,5,0,0.25,1.207
1,1,1,0,0.25,1.307
4,4,2,0,0.25,1.031
1,1,2,0,0.25,1.768
1,1,4,0,0.25,0.951
1,1,3,0,0.25,1.901
1,5,4,0,0.25,1.666
1,1,1,0,0.25,1.464
1,1,1,0,0.25,1.702
1,1,6,0,0.25,1.534
1,1,4,0,0.25,1.827
1,1,2,0,0.25,2.004
1,3,2,0,0.25,2.126
1,1,1,0,0.25,1.424
1,1,2,1,0.25,1.976
1,1,1,1,0.25,1.954
1,1,5,1,0.25,2.057
1,1,1,1,0.25,1.654
1,1,5,1,0.25,1.576
1,3,5,1,0.25,1.675
1,3,1,1,0.25,0.887
1,1,5,1,0.25,0.855
1,2,4,1,0.25,1.363
1,1,2,1,0.25,1.46
1,1,3,1,0.25,1.054
1,1,6,1,0.25,1.451
1,3,3,1,0.25,1.277
1,1,1,1,0.25,1.335
1,1,6,1,0.25,1.286
1,2,6,1,0.25,1.372
1,1,3,1,0.25,1.533
1,3,2,1,0.25,0.996
1,1,1,1,0.25,1.134
1,1,2,1,0.25,1.214
1,1,3,1,0.25,1.414
1,2,4,1,0.25,1.443
1,1,1,1,0.25,1.344
1,1,5,1,0.25,1.533
1,1,1,1,0.25,1.318
1,1,3,1,0.25,1.276
1,1,1,1,0.25,1.667
1,1,3,1,0.25,1.602
1,1,1,1,0.25,1.462
1,1,5,1,0.25,1.283
1,1,5,1,0.25,1.374
1,1,2,1,0.25,1.591
1,1,1,1,0.25,1.193
1,2,4,1,0.25,0.923
1,1,2,1,0.25,1.12
1,3,1,1,0.25,0.997
1,1,2,1,0.25,0.955
1,3,1,1,0.25,1.183
1,1,3,1,0.25,1.324
1,1,1,1,0.25,1.101
1,1,2,1,0.25,1.16
1,1,3,1,0.25,1.187
1,1,3,1,0.25,2.157
1,1,3,1,0.25,1.203
1,1,3,1,0.25,1.091
1,1,3,1,0.25,1.085
1,1,1,1,0.25,1.247
1,3,2,1,0.25,1.337
1,1,1,1,0.25,1.565
1,1,1,1,0.25,2.01
1,1,2,1,0.25,1.766
1,1,6,0,0.25,0.704
1,1,3,0,0.25,1.551
1,1,6,0,0.25,1.157
1,1,5,0,0.25,1.263
1,1,1,0,0.25,1.073
1,1,6,0,0.25,1.648
1,1,2,0,0.25,1.196
1,1,3,0,0.25,1.725
1,1,1,0,0.25,1.358
1,1,5,0,0.25,0.922
1,1,3,0,0.25,1.12
1,1,5,0,0.25,1.303
1,1,1,0,0.25,2.489
1,1,1,0,0.25,1.05
1,1,2,0,0.25,1.445
1,1,5,0,0.25,1.705
4,7,2,0,0.25,1.674
1,1,1,0,0.25,1.694
1,1,3,0,0.25,1.829
1,1,6,0,0.25,1.423
1,1,1,0,0.25,1.407
1,1,3,0,0.25,1.512
1,2,1,0,0.25,1.96
1,1,1,0,0.25,2.149
1,1,2,0,0.25,1.871
1,3,6,0,0.25,1.596
1,1,3,0,0.25,1.561
1,1,1,0,0.25,1.698
1,1,3,0,0.25,1.627
1,1,3,0,0.25,1.848
1,1,1,0,0.25,1.781
1,1,3,0,0.25,1.37
1,1,5,0,0.25,1.149
1,1,4,0,0.25,1.21
1,1,5,0,0.25,1.286
1,1,6,0,0.25,1.232
1,1,3,0,0.25,1.475
1,1,4,0,0.25,1.83
1,1,1,0,0.25,1.769
1,1,3,0,0.25,1.224
1,1,2,0,0.25,1.371
1,1,1,0,0.25,0.933
1,1,5,0,0.25,0.984
1,1,6,0,0.25,1.386
1,1,3,0,0.25,1.25
1,1,5,0,0.25,1.398
1,1,1,0,0.25,1.21
1,1,1,0,0.25,1.303
1,1,1,0,0.25,1.663
1,1,1,0,0.25,0.144
1,1,1,0,0.25,1.581
1,1,2,0,0.25,1.31
1,1,6,0,0.25,0.632
1,1,1,0,0.25,3.31
1,1,2,0,0.25,0.764
1,1,1,0,0.25,1.335
1,3,3,0,0.25,1.726
1,1,3,0,0.25,1.132
1,1,1,0,0.25,1.371
1,1,3,0,0.25,1.595
4,4,6,0,0.25,0.969
1,1,1,0,0.25,1.431
1,1,2,0,0.25,2.077
1,1,5,0,0.25,2.001
4,4,2,0,0.25,1.245
1,3,3,0,0.25,1.791
1,1,2,0,0.25,2.015
1,1,1,0,0.25,2.224
1,1,2,0,0.25,2.064
4,7,1,0,0.25,2.453
1,1,6,0,0.25,1.906
1,1,4,0,0.25,1.677
1,1,3,0,0.25,1.873
1,1,2,0,0.25,1.291
1,1,4,0,0.25,1.205
1,1,1,0,0.25,0.866
1,1,1,0,0.25,1.949
1,1,3,0,0.25,1.743
1,1,1,0,0.25,1.256
1,1,2,0,0.25,1.337
1,1,3,0,0.25,1.405
1,1,1,0,0.25,1.611
1,3,3,0,0.25,0.945
1,1,5,0,0.25,1.053
1,1,1,0,0.25,1.851
1,1,5,0,0.25,1.623
4,4,6,0,0.25,1.524
1,1,5,0,0.25,2.043
1,1,4,0,0.25,1.794
1,1,2,0,0.25,2.276
1,1,2,0,0.25,1.351
1,1,9,0,0.25,1.384
1,1,1,0,0.25,1.355
1,2,2,0,1.25,1.807
6,6,6,0,1.25,1.464
6,6,1,0,1.25,0.805
1,1,3,0,1.25,1.773
1,1,3,0,1.25,1.374
1,1,5,0,1.25,1.71
1,5,2,0,1.25,1.077
1,1,1,0,1.25,1.148
1,1,3,0,1.25,1.175
1,1,6,0,1.25,1.19
1,1,6,0,1.25,0.816
1,1,1,0,1.25,0.386
1,1,2,0,1.25,0.9
1,1,9,0,1.25,0.958
1,1,1,0,1.25,1.33
1,2,3,0,1.25,1.655
1,3,4,0,1.25,1.255
1,1,1,0,1.25,1.227
1,1,4,0,1.25,0.838
1,3,6,0,1.25,1.773
1,1,2,0,1.25,1.036
1,1,1,0,1.25,1.309
1,1,3,0,1.25,1.447
1,1,1,0,1.25,1.339
1,1,2,0,1.25,1.752
1,3,5,0,1.25,0.995
1,1,1,0,1.25,2.17
1,1,3,0,1.25,3.537
1,1,5,0,1.25,1.331
1,2,3,0,1.25,0.954
1,1,1,0,1.25,1.581
6,6,3,0,1.25,1.367
1,1,5,0,1.25,0.773
6,6,1,0,1.25,0.797
1,2,4,0,1.25,0.862
1,1,1,0,1.25,0.757
1,1,3,0,1.25,0.841
1,2,2,0,1.25,1.054
1,3,6,0,1.25,1.181
1,1,3,0,1.25,1.083
1,1,5,0,1.25,1.025
1,1,3,0,1.25,0.981
1,1,6,0,1.25,1.03
1,1,1,0,1.25,1.392
1,1,2,0,1.25,0.595
1,1,1,0,1.25,1.964
1,1,1,0,1.25,1.264
1,1,5,0,1.25,1.279
1,1,1,0,1.25,0.904
1,1,6,0,1.25,1.429
1,1,9,0,1.25,1.241
1,1,3,0,1.25,1.381
1,1,3,0,1.25,1.3
6,6,4,0,1.25,1.121
1,1,1,0,1.25,1.705
4,4,2,0,1.25,0.643
1,3,2,0,1.25,1.18
1,3,5,0,1.25,1.791
1,1,3,0,1.25,0.808
1,1,3,0,1.25,1.095
1,3,1,0,1.25,1.265
1,1,1,0,1.25,1.093
1,5,6,0,1.25,0.586
1,2,4,0,1.25,1.582
1,1,1,0,1.25,1.605
1,1,2,0,1.25,1.717
1,1,9,0,1.25,1.001
1,1,1,0,1.25,1.278
1,2,4,0,1.25,0.802
1,3,1,0,1.25,1.628
1,1,3,0,1.25,1.366
1,2,4,0,1.25,1.196
1,1,2,0,1.25,1.398
1,1,1,0,1.25,1.271
1,1,1,0,1.25,1.087
1,1,1,0,1.25,0.843
1,1,1,0,1.25,1.116
1,5,4,0,1.25,1.192
1,1,1,0,1.25,1.165
1,1,2,0,1.25,0.762
1,1,6,0,1.25,1.17
1,1,2,0,1.25,1.347
1,1,2,0,1.25,1.205
1,1,3,0,1.25,1.304
1,1,1,0,1.25,1.123
1,1,3,0,1.25,0.555
1,1,4,0,1.25,0.766
1,3,1,0,1.25,0.694
1,1,3,0,1.25,0.912
1,1,3,0,1.25,1.009
1,1,3,0,1.25,2.178
1,1,2,0,1.25,1.118
1,1,9,0,1.25,1.409
1,1,1,0,1.25,1.917
1,1,5,0,1.25,1.015
1,1,2,0,1.25,0.832
1,1,3,0,1.25,1.173
1,2,4,0,1.25,1.026
1,1,1,0,1.25,1.302
1,1,1,0,1.25,2.316
1,1,3,0,1.25,1.633
1,1,5,0,1.25,1.171
1,1,5,0,1.25,1.167
1,1,6,0,1.25,1.187
6,6,4,0,1.25,0.926
1,1,2,0,1.25,1.122
1,3,1,0,1.25,0.854
1,1,4,0,1.25,1.077
1,1,9,0,1.25,1.009
6,6,3,0,1.25,0.489
1,1,2,0,1.25,0.664
1,1,5,0,1.25,0.855
1,1,2,0,1.25,1.078
1,1,3,0,1.25,0.913
1,2,4,0,1.25,0.848
1,1,2,0,1.25,0.783
1,1,1,0,1.25,1.463
1,1,1,0,1.25,1.209
1,1,1,0,1.25,1.425
1,1,6,0,1.25,0.989
1,1,2,0,1.25,1.241
1,1,3,0,1.25,1.315
1,1,2,0,1.25,1.2
1,1,9,0,1.25,1.22
1,1,2,0,1.25,1.031
1,5,6,0,1.25,0.794
1,2,2,0,1,1.065
1,1,2,0,1,2.63
1,1,3,0,1,1.433
1,1,1,0,1,1.425
1,1,1,0,1,1.456
1,1,1,0,1,1.044
1,1,6,0,1,1.551
1,1,2,0,1,1.519
1,2,2,0,1,1.108
1,1,1,0,1,0.82
1,1,1,0,1,1.189
1,1,2,0,1,1.345
1,1,3,0,1,1.53
4,4,2,0,1,0.987
1,1,2,0,1,1.719
1,5,6,0,1,0.951
1,1,1,0,1,1.401
1,1,2,0,1,1.404
1,1,6,0,1,1.239
1,1,3,0,1,0.81
1,1,5,0,1,1.062
1,1,1,0,1,1.204
1,1,3,0,1,0.813
1,1,2,0,1,1.103
1,1,1,0,1,1.662
1,1,5,0,1,1.265
1,1,3,0,1,1.182
1,2,4,0,1,1.203
1,1,3,0,1,0.971
1,1,2,0,1,2.998
1,1,2,0,1,1.849
1,1,1,0,1,1.31
1,1,1,0,1,1.076
1,1,1,0,1,0.732
1,1,1,0,1,0.769
1,1,3,0,1,1.1
1,1,2,0,1,0.858
1,1,5,0,1,1.269
1,1,1,0,1,1.154
1,1,2,0,1,1.515
1,2,4,0,1,0.973
1,1,5,0,1,1.334
1,2,4,0,1,1.374
1,1,3,0,1,0.964
1,3,2,0,1,1.185
1,1,3,0,1,1.342
1,1,2,0,1,1.508
1,1,1,0,1,0.699
1,1,2,0,1,0.976
4,4,2,0,1,1.007
1,1,2,0,1,1.216
4,7,1,0,1,1.696
1,1,2,0,1,1.454
1,1,6,0,1,1.225
1,1,1,0,1,1.155
1,1,1,0,1,1.191
1,1,1,0,1,0.949
1,1,5,0,1,1.051
1,1,2,0,1,1.517
1,1,9,0,1,1.695
1,1,1,0,1,2.152
1,1,3,0,1,0.913
1,1,1,0,1,1.455
1,3,6,0,0.5,1.382
1,1,3,0,0.5,1.39
1,1,1,0,0.5,0.997
1,1,3,0,0.5,1.267
1,1,5,0,0.5,1.101
1,1,2,0,0.5,0.957
1,1,1,0,0.5,1.229
1,1,3,0,0.5,1.019
1,1,2,0,0.5,1.289
1,1,5,0,0.5,1.284
1,1,5,0,0.5,0.963
1,3,6,0,0.5,0.94
1,1,3,0,0.5,1.147
1,1,1,0,0.5,0.891
1,1,3,0,0.5,1.738
1,1,1,0,0.5,0.817
1,1,1,0,0.5,1.165
1,3,5,0,0.5,1.125
4,4,2,0,0.5,1.477
1,1,3,0,0.5,1.795
1,2,4,0,0.5,1.654
1,1,2,0,0.5,1.668
1,1,3,0,0.5,1.655
1,1,4,0,0.5,1.142
1,2,4,0,0.5,1.21
1,1,5,0,0.5,1.491
1,1,4,0,0.5,1.883
1,5,4,0,0.5,2.271
1,2,2,0,0.5,1.594
1,1,2,0,0.5,1.59
1,1,3,0,0.5,1.707
1,1,2,0,0.5,1.442
1,1,1,0,0.5,1.586
1,1,3,0,0.5,1.626
1,1,1,0,0.5,2.137
1,1,3,0,0.5,1.101
1,1,1,0,0.5,1.514
1,1,3,0,0.5,1.362
1,1,6,0,0.5,2.108
1,2,4,0,0.5,1.659
1,3,3,0,0.5,1.999
1,2,4,0,0.5,1.46
1,1,2,0,0.5,1.914
1,1,1,0,0.5,1.098
6,6,5,0,0.5,1.239
1,1,3,0,0.5,1.672
1,1,2,0,0.5,1.369
1,1,2,0,0.5,1.092
1,1,4,0,0.5,1.12
1,1,5,0,0.5,1.145
1,1,1,0,0.5,1.351
1,1,3,1,0.5,1.844
1,1,5,1,0.5,1.397
4,7,5,1,0.5,1.554
1,1,3,1,0.5,0.855
1,1,1,1,0.5,0.942
1,1,1,1,0.5,1.028
1,1,3,1,0.5,0.523
1,1,3,1,0.5,1.083
1,1,3,1,0.5,2.19
1,1,3,1,0.5,1.381
4,4,6,1,0.5,0.826
1,3,3,1,0.5,0.995
1,1,1,1,0.5,1.451
1,1,1,1,0.5,1.264
1,1,2,1,0.5,1.109
1,1,1,1,0.5,1.459
1,1,1,1,0.5,1.348
1,1,5,1,0.5,1.526
1,1,1,1,0.5,1.839
1,1,2,1,0.5,1.382
1,2,4,1,0.5,1.884
1,1,1,1,0.5,1.764
1,1,1,1,0.5,1.538
1,1,3,1,0.5,1.429
1,1,1,1,0.5,0.821
1,1,9,1,0.5,1.319
1,1,3,1,0.5,1.813
1,3,2,1,0.5,1.1
1,3,5,1,0.5,1.348
1,1,3,1,0.5,0.967
1,3,1,1,0.5,0.729
1,1,2,1,0.5,1.386
1,1,2,1,0.5,0.817
1,1,1,1,0.5,1.057
1,2,4,1,0.5,1.041
1,1,1,1,0.5,1.086
1,1,3,1,0.5,1.3
1,1,1,1,0.5,1.491
1,1,1,1,0.5,1.128
1,1,2,1,0.5,1.225
1,1,1,1,0.5,2.336
1,1,3,1,0.5,1.808
1,3,1,1,0.5,1.184
1,1,4,1,0.5,1.414
1,1,4,1,0.5,0.981
1,1,5,1,0.5,0.969
1,3,6,1,0.5,0.992
1,1,2,1,0.5,1.297
1,1,1,1,0.5,1.232
1,3,5,1,0.5,1.251
1,1,2,1,0.5,1.268
1,1,9,1,0.5,1.289
1,1,6,1,0.5,1.206
1,2,4,1,0.5,1.066
1,1,3,1,0.5,0.851
1,1,5,1,0.5,1.494
1,1,3,1,0.5,1.929
1,1,3,1,0.5,1.596
1,3,6,1,0.5,1.14
1,1,2,1,0.5,1.301
1,2,4,1,0.5,0.999
1,3,3,1,0.5,1.375
1,1,6,1,0.5,1.2
1,1,3,1,0.5,1.11
1,1,2,1,1.25,1.463
1,1,6,1,1.25,1.339
1,1,2,1,1.25,1.498
1,2,2,1,1.25,1.101
1,2,4,1,1.25,1.297
1,2,4,1,1.25,1.053
1,1,3,1,1.25,1.107
1,1,3,1,1.25,1.024
1,1,2,1,1.25,0.974
1,1,1,1,1.25,1.025
1,1,2,1,1.25,1.788
1,1,1,1,1.25,0.853
1,1,2,1,1.25,1.04
1,1,1,1,1.25,1.703
1,2,4,1,1.25,2.171
1,1,1,1,1.25,1.166
1,1,3,1,1.25,0.921
1,1,3,1,1.25,0.725
1,1,3,1,1.25,1.71
1,1,1,1,1.25,1.183
1,5,99,1,1.25,1.066
1,1,2,1,1.25,0.853
1,1,2,1,1.25,1.052
1,1,1,1,1.25,0.713
1,1,3,1,1.25,1.037
1,1,3,1,1.25,0.947
1,1,1,1,1.25,1.181
1,1,1,1,1.25,1.394
1,3,2,1,1.25,0.861
1,1,2,1,1.25,1.766
1,1,1,1,1.25,1.257
1,2,4,1,1.25,1.506
1,1,1,1,1.25,1.228
1,1,1,1,1.25,1.036
1,2,2,1,1.25,1.119
1,3,3,1,1.25,1.217
1,3,1,1,1.25,1.228
1,2,4,1,1.25,1.512
1,1,4,1,1.25,0.751
1,1,5,1,1.25,1.002
1,5,1,1,1.25,0.913
1,2,1,1,1.25,0.888
1,1,1,1,1.25,1.342
1,5,4,1,1.25,0.708
1,1,6,1,1.25,1.365
4,7,1,1,1.25,1.339
1,1,5,1,1.25,0.921
1,2,9,1,1.25,0.984
1,1,5,1,1.25,1.245
1,1,3,1,1.25,1.05
1,1,5,1,1.25,1.374
1,1,9,1,1.25,1.251
1,1,1,1,1.25,1.324
4,4,2,1,1.25,0.942
1,1,5,1,1.25,0.846
1,3,6,1,1.25,1.298
1,5,4,1,1.25,1.139
1,1,3,1,1.25,1.058
1,1,5,1,1.25,1.181
1,1,1,1,1.25,1.938
1,1,6,1,1.25,1.203
1,1,3,1,1.25,1.104
1,1,1,1,1.25,1.625
1,1,1,1,1.25,1.326
6,6,6,1,1.25,1.35
1,1,3,1,1.25,2.874
1,2,4,1,1.25,0.769
1,1,2,1,1.25,1.011
1,2,2,1,1.25,0.734
1,3,5,1,1.25,0.724
1,2,4,1,1.25,0.917
1,2,3,1,1.25,1.024
1,2,2,1,1.25,1.021
1,1,3,1,1.25,1.534
1,1,6,1,1.25,0.96
1,1,2,0,1.25,1.614
1,1,6,0,1.25,0.819
1,2,1,0,1.25,1.203
1,1,1,0,1.25,0.981
1,1,3,0,1.25,1.124
1,1,6,0,1.25,0.935
1,1,1,0,1.25,1.527
1,1,1,0,1.25,1.239
1,5,4,0,1.25,0.596
1,1,3,0,1.25,0.999
1,1,6,0,1.25,0.699
1,2,1,0,1.25,1.567
1,1,6,0,1.25,1.134
1,1,1,0,1.25,0.813
1,1,2,0,1.25,1.427
1,1,5,0,1.25,1.394
1,1,5,0,1.25,0.949
1,1,1,0,1.25,1.459
1,1,3,0,1.25,1.514
1,1,5,0,1.25,1.237
1,2,4,0,1.25,0.614
1,1,3,0,1.25,0.846
1,1,5,0,1.25,0.886
1,2,1,0,1.25,1.285
1,5,99,0,1.25,1.085
1,1,2,0,1.25,1.034
1,1,6,0,1.25,1.269
1,1,1,0,1.25,1.766
1,1,1,0,1.25,1.058
1,3,3,0,1.25,1.747
1,1,3,0,1.25,1.719
1,1,3,0,0.75,1.686
1,1,1,0,0.75,1.356
1,2,3,0,0.75,1.123
1,1,2,0,0.75,1.398
1,1,2,0,0.75,1.104
1,1,6,0,0.75,1.204
1,1,1,0,0.75,1.044
1,1,1,0,0.75,1.397
1,1,6,0,0.75,0.825
1,5,4,0,0.75,1.124
1,1,6,0,0.75,1.906
1,2,1,0,0.75,0.956
1,1,1,0,0.75,0.983
1,1,3,0,0.75,1.286
1,2,4,0,0.75,1.852
1,1,2,0,0.75,1.239
1,1,1,0,0.75,1.124
1,1,4,0,0.75,0.927
6,6,2,0,0.75,0.692
1,3,1,0,0.75,1.021
1,5,6,0,0.75,1.511
1,1,3,0,0.75,1.477
1,1,1,0,0.75,1.333
1,1,1,0,0.75,1.342
1,1,4,0,0.75,1.441
1,1,5,0,0.75,1.299
1,1,2,0,0.75,1.465
1,1,1,0,0.75,1.592
1,2,4,0,0.75,2.19
1,3,1,0,0.75,1.727
1,2,2,0,0.75,1.327
1,1,4,0,0.75,1.13
1,1,1,0,0.75,1.39
1,1,4,0,0.75,0.741
1,1,1,0,0.75,1.038
1,1,2,0,0.75,1.259
1,1,1,0,0.75,0.56
1,1,3,0,0.75,1.403
1,1,1,0,0.75,1.873
1,2,2,0,0.75,1.003
1,1,5,0,0.75,1.433
1,1,2,0,0.75,2.07
1,1,1,0,0.75,1.072
1,1,3,0,0.75,2.321
1,1,5,0,0.75,1.59
4,4,2,0,0.75,0.928
1,1,3,0,0.75,1.455
1,1,3,0,0.75,1.678
1,1,3,0,0.75,2.008
1,1,6,0,0.75,1.742
1,1,1,0,0.75,1.172
1,1,1,0,0.75,1.579
1,2,4,0,0.75,1.343
1,5,6,0,0.75,0.543
1,1,2,0,0.75,1.135
1,1,9,0,0.75,1.44
1,2,4,0,0.75,1.219
1,1,1,0,0.75,1.497
1,1,3,0,0.75,1.006
1,1,3,0,0.75,1.421
4,4,2,0,0.75,0.939
1,1,1,0,0.75,0.503
1,2,4,0,0.75,0.686
1,1,1,0,0.75,1.213
1,1,4,0,0.75,1.069
4,4,2,0,0.75,0.884
1,1,5,0,0.75,1.756
1,1,2,0,0.75,1.392
1,1,5,0,0.75,1.524
1,1,2,0,0.75,1.232
1,1,4,1,0.75,1.719
1,1,2,1,0.75,1.462
1,1,5,1,0.75,1.405
1,1,4,1,0.75,0.663
1,1,4,1,0.75,0.944
1,1,2,1,0.75,0.739
1,2,1,1,0.75,1.17
1,1,1,1,0.75,0.982
1,1,3,1,0.75,0.991
1,2,4,1,0.75,1.045
1,1,3,1,0.75,1.072
1,1,3,1,0.75,1.064
1,1,2,1,0.75,0.955
1,1,5,1,0.75,1.097
1,5,1,1,0.75,0.868
1,1,9,1,0.75,1.307
1,5,4,1,0.75,1.013
1,2,1,1,0.75,1.386
1,1,5,1,0.75,1.64
1,1,1,1,0.75,1.691
1,1,3,1,0.75,1.449
1,1,2,1,0.75,1.101
1,3,1,1,0.75,1.954
1,3,3,1,0.75,1.222
1,1,5,1,0.75,1.355
1,3,4,1,0.75,1.232
1,1,5,1,0.75,1.846
1,5,4,1,0.75,1.721
1,1,4,1,0.75,1.097
1,1,4,1,0.75,1.668
1,1,3,1,0.75,1.438
1,1,3,1,0.75,1.018
1,1,3,1,0.75,1.675
1,5,99,1,0.75,1.296
1,2,4,1,0.75,1.521
1,2,4,1,0.75,0.936
1,1,4,1,0.75,1.084
1,5,4,1,0.75,0.815
1,1,1,1,0.75,0.907
1,5,4,1,0.75,0.947
1,1,3,1,0.75,0.811
1,1,2,1,0.75,1.584
1,3,1,1,0.75,1.274
1,1,3,1,0.75,1.464
1,1,3,1,0.75,1.526
1,1,5,1,0.75,1.167
1,1,2,1,0.75,1.49
1,1,1,1,0.75,1.508
1,1,2,1,0.75,1.742
1,1,1,1,0.75,1.353
1,1,3,1,0.75,0.761
1,1,1,1,0.75,0.967
1,1,3,1,0.75,1.228
1,3,3,1,0.75,1.252
1,1,4,1,0.75,1.262
1,1,2,1,0.75,0.558
1,1,1,1,0.75,1.191
1,1,1,1,0.75,1.437
1,1,1,1,0.75,1.362
1,1,5,1,0.75,1.536
1,1,3,1,0.75,2.136
1,5,6,1,0.75,1.237
1,1,1,1,0.75,1.546
1,1,4,1,0.75,1.156
4,4,2,1,0.75,1.004
1,5,4,1,0.75,1.788
1,1,1,1,0.75,1.565
1,1,1,1,0.75,1.326
1,1,9,1,0.75,1.245
1,1,3,1,0.75,1.48
1,1,1,1,0.75,1.057
1,5,4,1,0.75,1.375
4,7,2,1,0.75,1.105
1,1,2,1,0.75,1.463
1,1,1,1,0.75,0.981
1,1,3,1,0.75,1.869
1,1,2,1,0.75,1.722
6,6,3,1,0.75,0.931
1,1,6,1,0.75,0.277
1,3,1,1,0.75,0.768
1,1,2,1,0.75,1.002
1,1,1,1,0.75,0.984
1,1,2,1,0.75,0.993
1,2,4,1,0.75,0.76
1,1,1,1,0.75,1.154
1,1,1,1,0.75,1.143
1,2,4,1,0.75,1.279
1,1,1,1,0.75,1.556
1,2,3,1,0.75,1.076
1,1,3,1,0.75,1.413
1,3,1,1,0.75,1.334
1,1,6,1,0.75,1.67
1,1,5,1,0.75,1.741
1,1,6,1,0.75,0.651
1,1,3,1,0.75,1.271
1,1,2,1,0.75,1.013
1,1,1,1,0.75,1.379
1,1,4,1,0.75,1.515
1,1,1,1,0.75,0.989
1,1,9,1,0.75,1.084
1,1,1,1,0.75,1.309
1,1,1,1,0.75,1.521
1,1,5,1,0.75,0.845
1,1,5,1,0.75,1.119
1,2,4,1,0.75,0.95
1,1,5,1,0.75,1.302
1,1,3,1,0.75,1.038
1,1,3,1,0.75,1.449
1,1,1,1,0.75,1.438
1,1,3,1,0.75,1.127
1,3,2,1,0.75,1.062
1,3,3,1,0.75,1.454
1,1,3,1,0.75,0.882
1,2,4,0,0.75,0.721
1,1,1,0,0.75,1.229
1,1,1,0,0.75,1.174
1,1,6,0,0.75,1.314
1,1,1,0,0.75,1.483
1,1,2,0,0.75,1.735
1,1,1,0,0.75,1.707
1,1,2,0,0.75,1.087
1,5,9,0,0.75,0.963
1,1,1,0,0.75,1.323
1,1,9,0,0.75,1.287
1,2,4,0,0.75,1.429
1,1,1,0,0.75,1.484
1,1,4,0,0.75,1.423
1,1,2,0,0.75,1.97
1,1,5,0,0.75,1.398
1,2,1,0,0.75,1.243
1,1,1,0,0.75,0.979
1,2,4,0,0.75,1.252
1,5,4,0,0.75,1.313
1,3,5,0,0.75,0.944
1,1,5,0,0.75,2.014
1,1,1,0,0.75,1.11
1,1,1,0,0.75,1.033
1,1,1,0,0.75,1.454
1,1,3,0,0.75,1.754
1,3,3,0,0.75,1.266
1,1,3,0,0.75,1.403
1,2,4,0,0.75,1.214
1,1,3,0,0.75,0.866
1,1,5,0,0.75,1.108
1,5,2,0,0.75,0.746
1,1,6,0,0.75,1.52
1,1,1,0,0.75,1.095
1,1,3,0,0.75,1.157
1,1,1,0,0.75,1.179
1,1,1,0,0.75,1.818
1,3,2,0,0.75,1.643
1,3,1,0,0.75,1.485
1,1,3,0,0.75,1.325
1,1,3,0,0.75,1.085
1,2,4,0,0.75,0.769
1,1,1,0,0.75,0.827
1,1,1,0,0.75,1.222
1,2,1,0,0.75,0.955
1,1,4,0,0.75,1.284
1,1,3,0,0.75,2.016
1,1,3,0,0.75,1.124
1,2,4,0,0.75,0.74
1,1,6,0,0.75,1.948
1,1,2,0,0.75,1.301
1,1,5,0,0.75,1.21
1,1,1,0,0.75,2.451
1,1,2,0,0.75,1.443
1,2,4,0,0.75,1.437
1,1,3,1,0.5,1.324
1,1,3,1,0.5,1.331
1,1,3,1,0.5,1.569
1,3,3,1,0.5,2.154
1,1,3,1,0.5,1.855
1,1,1,1,0.5,1.521
1,1,3,1,0.5,1.66
1,1,1,1,0.5,1.191
1,2,9,1,0.5,1.393
6,6,4,1,0.5,0.879
1,1,6,1,0.5,0.957
1,1,1,1,0.5,1.357
1,1,6,1,0.5,1.428
1,5,4,1,0.5,1.127
1,1,1,1,0.5,0.963
1,5,4,1,0.5,0.77
1,1,1,1,0.5,1.49
1,1,2,1,0.5,1.244
1,2,4,1,0.5,1.344
1,1,5,1,0.5,2.003
1,1,1,1,0.5,1.5
1,1,1,1,0.5,1.604
1,1,5,1,0.5,1.519
1,1,4,1,0.5,1.368
1,1,6,1,0.5,1.256
1,1,1,1,0.5,0.99
1,1,9,1,0.5,1.288
1,2,6,1,0.5,0.908
1,1,1,1,0.5,0.861
1,1,3,1,0.5,1.307
1,1,1,1,0.5,0.817
1,5,2,1,0.5,1.267
1,1,3,1,0.5,1.138
1,1,5,1,0.5,1.19
1,1,1,1,0.5,1.341
1,1,2,1,0.5,2.072
1,1,1,1,0.5,1.3
1,1,2,1,0.5,1.456
1,1,2,0,0.5,2.072
4,4,2,0,0.5,1.449
1,1,4,0,0.5,1.343
1,1,2,0,0.5,2.243
1,2,4,0,0.5,1.269
1,1,4,0,0.5,1.169
1,1,4,0,0.5,1.87
1,5,4,0,0.5,0.796
1,1,2,0,0.5,1.433
1,3,2,0,0.5,1.431
1,1,1,0,0.5,1.191
1,5,2,0,0.5,1.515
1,1,2,0,0.5,1.933
1,1,1,0,0.5,1.107
1,1,2,0,0.5,1.548
1,1,6,0,0.5,1.383
1,1,2,0,0.5,1.905
1,1,3,0,0.5,1.421
1,1,3,0,0.5,1.383
1,1,2,0,0.5,1.576
1,1,1,0,0.5,1.185
1,2,2,0,0.5,1.182
1,1,2,0,0.5,0.761
4,4,2,0,0.5,1.249
1,3,5,0,0.5,2.662
1,1,3,0,0.5,1.273
1,3,6,0,0.5,1.999
1,1,1,0,0.5,1.342
1,1,3,0,0.5,1.59
1,1,2,0,0.5,1.499
1,2,1,0,0.5,1.165
1,1,5,0,0.5,0.973
1,1,1,0,0.5,1.284
1,2,3,0,1,1.567
1,1,3,0,1,1.156
6,6,3,0,1,1.379
1,5,9,0,1,1.379
1,1,3,0,1,0.811
1,1,3,0,1,0.912
1,1,3,0,1,0.987
1,1,4,0,1,1.137
1,1,3,0,1,1.033
1,1,2,0,1,0.997
1,1,1,0,1,1.105
1,1,1,0,1,0.793
1,1,2,0,1,1.388
1,5,4,0,1,1.237
4,7,5,0,1,1.158
1,3,5,0,1,0.887
1,1,1,0,1,0.814
1,2,4,0,1,1.292
1,2,4,0,1,1.602
1,5,4,0,1,0.84
1,2,4,0,1,1.709
1,2,4,0,1,0.962
1,1,3,0,1,1.159
4,4,4,0,1,0.952
1,1,1,0,1,1.555
1,1,4,0,1,1.778
1,1,1,0,1,1.539
1,1,1,0,1,0.672
1,1,3,0,1,0.808
1,1,3,0,1,1.092
1,2,4,0,1,1.316
1,1,5,0,1,1.377
1,1,5,0,1,1.684
1,2,4,0,1,1.157
1,1,3,0,1,1.064
1,3,5,0,1,1.005
1,1,3,0,1,1.365
1,1,3,0,1,1.055
1,1,1,0,1,1.207
1,1,6,0,1,1.697
1,2,2,0,1,1.815
1,1,1,0,1,0.987
1,3,1,0,1,1.229
1,3,1,0,1,0.999
1,1,3,0,1,1.073
1,1,3,0,1,1.735
1,1,3,0,1,1.744
1,1,2,0,1,1.155
1,2,4,0,1,1.247
1,2,4,0,1,1.337
1,2,4,0,1,1.21
1,1,2,0,1,1.737
1,1,6,0,1,1.186
1,3,1,0,1,1.289
1,1,5,0,1,1.683
1,2,1,0,1,1.28
1,1,6,0,1,0.831
1,1,3,0,1,0.709
1,1,5,0,1,0.862
1,1,5,0,0.5,0.99
1,1,1,0,0.5,1.787
1,2,4,0,0.5,1.26
1,1,1,0,0.5,2.297
1,1,3,0,0.5,1.654
1,2,3,0,0.5,1.984
1,2,2,0,0.5,1.456
1,1,1,0,0.5,1.484
1,1,5,0,0.5,1.613
1,1,4,0,0.5,1.341
1,1,2,0,0.5,1.583
1,1,1,0,0.5,1.204
1,1,1,0,0.5,1.385
1,1,4,0,0.5,1.897
1,3,5,0,0.5,1.28
1,1,1,0,0.5,1.358
1,1,1,0,0.5,1.685
1,2,3,0,0.5,0.952
1,1,3,0,0.5,0.795
1,1,2,0,0.5,1.56
1,1,1,0,0.5,1.226
1,1,1,0,0.5,1.238
1,1,1,0,0.5,1.96
1,1,2,0,0.5,1.179
1,1,3,0,0.5,0.969
1,1,1,0,0.5,2.257
1,1,1,0,0.5,1.277
1,1,6,0,0.5,1.554
1,1,6,0,0.5,1.568
4,7,3,0,0.5,1.321
1,1,1,0,0.5,1.231
4,7,9,0,0.5,1.462
1,1,1,0,0.5,1.288
1,1,3,0,0.5,0.916
1,1,3,0,0.5,0.45
1,1,3,0,0.5,2.067
1,1,2,0,0.5,2.015
1,1,1,0,0.5,1.553
1,3,5,0,0.5,1.1
4,4,4,0,0.5,1.024
1,2,4,0,0.5,1.31
4,7,6,0,0.5,1.925
1,1,2,0,0.5,1.499
1,1,6,0,0.5,1.565
1,2,3,0,0.5,1.055
1,2,4,0,0.5,1.277
1,2,3,0,0.5,1.237
1,2,4,0,0.5,1.659
1,2,3,0,0.5,1.69
1,1,6,0,0.5,1.384
1,2,2,0,0.5,1.041
1,1,5,0,0.5,1.71
4,4,1,0,0.5,0.83
4,4,1,0,0.5,0.602
1,1,3,0,0.5,1.315
1,1,1,0,0.5,0.621
1,1,2,0,0.5,1.486
1,2,1,0,0.5,1.767
1,1,5,0,0.5,3.239
6,6,3,0,0.5,2.635
1,1,2,0,0.5,1.861
1,1,5,0,0.5,1.436
1,1,6,0,0.5,1.087
1,1,6,0,0.5,0.694
1,2,4,0,0.5,1.591
1,1,3,0,0.5,1.68
1,1,5,0,0.5,0.853
1,2,4,0,0.5,1.032
1,1,3,1,0.5,1.971
6,6,3,1,0.5,1.513
1,2,5,1,0.5,1.159
1,1,9,1,0.5,1.361
1,1,6,1,0.5,1.436
1,1,1,1,0.5,1.204
1,5,4,1,0.5,1.465
1,2,4,1,0.5,1.066
1,1,3,1,0.5,1.162
1,1,2,1,0.5,0.875
1,1,2,1,0.5,0.818
1,1,1,1,0.5,1.402
1,1,3,1,0.5,1.591
1,1,3,1,0.5,1.635
1,1,2,1,0.5,1.698
1,1,6,1,0.5,1.066
1,2,4,1,0.5,1.396
1,1,1,1,0.5,0.978
1,1,5,1,0.5,2.253
1,1,3,1,0.5,1.699
6,6,3,1,0.5,0.7
1,1,3,1,0.5,1.187
4,4,2,1,0.5,1.174
1,1,3,1,0.5,1.049
4,4,4,1,0.5,1.424
6,6,2,1,0.5,2.213
6,6,3,1,0.5,1.521
1,3,2,1,0.5,1.567
4,4,6,1,0.5,0.26
1,2,1,1,0.5,1.002
4,4,1,1,0.5,1.684
1,1,5,1,0.5,0.633
1,1,3,1,0.5,0.641
1,1,5,1,0.5,0.904
1,1,9,1,0.5,1.499
1,5,1,1,0.5,1.131
1,1,1,1,0.5,0.575
1,1,2,1,0.5,1.195
4,4,4,1,0.5,1.332
1,1,5,1,0.5,1.44
1,1,5,1,0.5,1.205
1,1,1,0,0.25,1.651
1,1,5,0,0.25,1.04
1,1,5,0,0.25,1.288
1,1,3,0,0.25,1.427
1,3,2,0,0.25,1.495
1,1,6,0,0.25,1.379
1,1,1,0,0.25,1.253
1,1,2,0,0.25,1.162
1,1,3,0,0.25,0.865
1,1,1,0,0.25,1.21
1,1,2,0,0.25,1.401
1,2,4,0,0.25,1.729
1,1,3,0,0.25,1.517
1,2,4,0,0.25,1.299
1,1,3,0,0.25,1.805
6,6,3,0,0.25,2.114
4,4,4,0,0.25,1.602
1,1,5,0,0.25,1.524
1,1,1,0,0.25,1.553
1,1,2,0,0.25,0.934
1,1,5,0,0.25,1.017
1,1,2,0,0.25,1.332
1,3,3,0,0.25,1.643
1,2,4,0,0.25,1.713
1,1,3,0,0.25,1.934
1,2,4,0,0.25,1.073
6,6,5,0,0.25,1.227
1,1,6,0,0.25,3.321
1,1,5,0,0.25,1.366
1,1,2,0,0.25,1.116
1,1,3,0,0.25,1.579
1,1,4,0,0.25,0.924
1,1,1,0,0.25,0.709
1,1,4,0,0.25,1.388
1,1,3,0,0.25,0.684
1,1,1,0,0.25,0.528
1,1,3,0,0.25,1.545
1,1,1,0,0.25,1.393
1,1,3,0,0.25,1.285
1,2,4,0,0.25,1.532
1,1,6,0,0.25,2.572
1,1,1,0,0.25,1.957
1,1,3,0,0.25,1.844
1,1,2,0,0.25,0.917
1,1,3,0,0.25,1.039
1,2,3,0,0.25,1.646
1,1,4,0,0.25,1.476
1,1,2,0,0.25,0.869
1,1,3,0,0.25,1.979
1,1,2,0,0.25,1.079
1,3,5,0,0.25,0.926
1,5,4,1,0.25,0.957
1,5,1,1,0.25,1.812
1,1,2,1,0.25,0.902
1,1,2,1,0.25,1.449
1,1,3,1,0.25,1.832
1,2,2,1,0.25,1.015
1,1,1,1,0.25,1.253
1,1,1,1,0.25,0.788
1,1,3,1,0.25,1.32
1,1,3,1,0.25,1.2
1,1,5,1,0.25,1.506
1,2,4,1,0.25,1.514
4,7,1,1,0.25,1.51
1,1,1,1,0.25,1.695
1,1,3,1,0.25,1.093
1,2,4,1,0.25,1.212
1,2,4,1,0.25,0.728
1,1,1,1,0.25,1.395
1,3,2,1,0.25,1.369
1,1,1,1,0.25,1.225
1,1,1,1,0.25,1.079
1,1,1,1,0.25,1.428
1,1,5,1,0.25,1.654
1,1,3,1,0.25,0.973
1,1,3,1,0.25,0.518
1,1,3,1,0.5,1.163
1,1,1,1,0.5,1.029
1,2,4,1,0.5,1.015
1,2,4,1,0.5,1.257
1,1,1,1,0.5,1.464
1,1,3,1,0.5,2.494
1,2,4,1,0.5,1.519
1,1,5,1,0.5,1.41
1,1,6,1,0.5,1.336
1,1,5,1,0.5,1.17
6,6,5,1,0.5,0.49
4,7,5,1,0.5,1.346
1,1,6,1,0.5,1.272
1,5,2,1,0.5,0.731
1,3,1,1,0.5,2.03
1,1,3,1,0.5,1.377
1,2,4,1,0.5,0.828
1,3,1,1,0.5,0.654
1,2,1,1,0.5,0.845
1,1,5,1,0.5,1.58
1,1,1,1,0.5,1.046
1,1,2,1,0.5,1.637
1,2,4,1,0.5,1.555
1,2,4,1,0.5,1.007
1,3,1,1,0.5,1.304
1,1,6,1,0.5,1.844
1,1,3,1,0.5,1.014
1,1,1,1,0.75,1.57
1,1,3,1,0.75,1.04
1,1,5,1,0.75,1.168
1,2,4,1,0.75,1.06
1,1,1,1,0.75,1.225
1,1,2,1,0.75,1.379
1,1,1,1,0.75,1.28
1,2,2,1,0.75,1.043
1,2,6,1,0.75,1.844
1,3,2,1,0.75,1.116
1,2,4,1,0.75,1.077
1,1,1,1,0.75,1.429
1,5,4,1,0.75,1.577
1,1,5,1,0.75,0.651
1,1,3,1,0.75,0.7
1,1,5,1,0.75,1.309
1,1,4,1,0.75,0.485
1,2,4,1,0.75,0.857
1,2,4,0,0.75,0.243
1,1,1,0,0.75,1.069
1,1,2,0,0.75,2.243
1,1,3,0,0.75,1.328
1,1,1,0,0.75,1.303
1,1,6,0,0.75,0.622
1,1,5,0,0.75,1.452
1,1,1,0,0.75,1.535
1,1,5,1,0.75,0.928
1,1,2,1,0.75,0.827
1,1,3,1,0.75,1.288
1,1,1,1,0.75,1.721
1,1,4,1,0.75,1.423
1,1,6,1,0.75,1.266
1,1,1,1,0.75,0.944
4,7,1,1,0.75,1.135
1,3,1,1,0.75,1.23
1,2,4,1,0.75,1.133
1,1,5,1,0.75,1.126
1,1,3,1,0.75,0.854
1,1,1,1,0.75,0.891
1,1,4,1,0.75,1.621
1,1,2,1,0.75,0.913
1,1,9,1,0.75,1.044
1,1,3,1,0.75,0.826
1,1,3,1,0.75,1.858
1,1,5,1,0.75,1.073
1,1,3,1,0.75,1.322
1,1,3,1,0.75,1.672
1,3,5,1,0.75,0.955
1,1,3,1,0.75,1.061
1,1,1,1,0.75,1.186
1,1,2,1,0.75,1.873
1,1,2,1,0.75,1.368
1,2,2,1,0.75,0.447
1,1,1,1,0.75,1.134
1,5,3,0,0.75,1.02
1,2,4,0,0.75,0.875
1,1,5,0,0.75,1.348
1,1,5,0,0.75,1.079
1,1,1,0,0.75,1.249
1,1,1,0,0.75,1.299
1,3,5,0,0.75,1.236
1,3,3,0,0.75,0.675
1,2,3,0,0.75,1.664
1,5,4,0,0.75,1.171
1,1,5,0,0.75,1.592
1,1,1,0,0.75,1.016
1,1,3,0,0.75,1.554
4,4,4,0,0.75,1.307
4,4,4,0,0.75,0.866
1,1,3,0,0.75,1.771
1,1,5,0,0.75,1.001
1,2,4,0,0.75,1.816
1,2,1,0,0.75,1.241
1,1,3,0,0.75,1.269
4,7,9,0,1,1.836
1,1,3,0,1,1.588
1,2,9,0,1,0.857
1,2,4,0,1,1.253
6,6,5,0,1,1.156
1,1,3,0,1,0.972
1,1,3,0,1,0.787
1,1,4,0,1,1.419
1,1,2,0,1,1.219
1,2,4,0,1,1.003
1,1,1,0,1,0.947
1,2,4,1,1,1.063
1,1,5,1,1,2.214
1,1,1,1,1,1.238
1,1,5,1,1,1.358
1,1,3,1,1,0.901
1,1,1,1,1,1.386
1,1,5,1,1,1.425
1,1,3,1,1,1.555
1,1,3,1,1,1.187
1,1,1,1,1,1.041
1,1,1,1,1,0.939
1,1,9,1,1,1.459
4,4,4,0,1.25,1.074
1,1,3,0,1.25,0.772
1,2,3,0,1.25,0.626
1,1,2,1,1.25,0.959
1,1,1,1,0.75,1.952
1,1,2,1,0.75,1.238
1,2,3,1,0.75,1.35
4,4,4,1,0.75,0.976
1,1,3,1,0.75,1.367
1,1,1,1,0.75,0.97
1,1,3,1,0.75,1.036
1,1,3,1,0.75,0.999
1,1,1,1,0.75,1.067
1,1,1,1,0.75,1.202
1,1,5,1,0.75,1.259
1,1,5,1,0.75,1.694
1,1,1,1,0.75,1.388
1,1,3,1,0.75,1.276
1,1,5,1,0.5,0.873
1,1,3,1,0.5,1.913
1,1,3,1,0.5,2.183
1,2,4,1,0.5,1.474
1,1,3,1,0.5,1.003
1,1,3,1,0.5,0.911
1,1,1,1,0.5,1.703
1,1,6,1,0.5,0.57
4,7,9,0,0.25,1.427
1,2,4,0,0.25,0.774
1,1,9,0,0.25,0.821
1,1,1,0,0.25,0.888
1,1,1,0,0.25,1.513
1,1,3,0,0.25,2.137
1,1,1,0,0.25,1.003
1,1,3,0,0.25,0.664
1,1,3,0,0.25,1.034
1,1,1,0,0.25,1.483
1,1,9,0,0.25,1.266
1,2,4,0,0.25,1.646
1,1,2,0,0.25,1.499
1,1,5,0,0.25,1.453
1,1,1,0,0.25,1.185
1,2,4,0,0.25,0.874
1,2,5,0,0.25,1.358
1,1,3,0,0.25,1.179
1,2,4,0,0.25,1.585
1,1,3,0,0.25,1.501
1,2,4,0,0.25,1.617
1,1,1,0,0.25,1.698
1,1,2,0,0.25,1.275
1,1,3,0,0.25,1.543
1,2,4,0,0.25,1.588
1,1,1,0,0.25,1.213
6,6,3,0,0.25,1.055
1,1,5,0,0.25,1.527
1,1,4,0,0.25,1.334
1,1,6,0,0.25,1.354
1,1,1,0,0.25,1.514
1,1,3,0,0.25,1.174
1,1,1,0,0.25,2.22
1,1,2,0,0.25,2.411
1,1,1,1,0.5,0.787
1,1,2,1,0.5,1.687
1,1,1,1,0.5,1.283
1,1,3,1,0.5,1.11
1,1,6,1,0.5,0.855
1,1,3,1,0.5,1.131
1,1,3,1,0.5,0.946
1,1,4,1,0.5,1.112
1,1,1,1,0.5,0.771
1,1,3,1,0.5,1.436
1,1,1,1,0.5,1.157
1,2,2,1,0.5,1.343
1,1,1,1,0.5,0.947
1,1,1,1,0.5,1.999
1,3,5,1,0.5,1.714
1,1,5,1,0.5,1.291
1,1,5,1,0.5,1.596
1,1,6,1,0.5,1.294
1,1,5,1,0.5,1.034
1,5,1,1,0.5,0.766
1,1,3,1,0.5,1.266
1,1,2,1,0.5,1.392
4,7,2,1,0.5,1.01
6,6,3,1,0.5,1.005
6,6,1,1,0.5,1.307
1,2,2,1,0.5,1.379
1,1,6,1,0.5,0.861
1,1,5,1,0.5,1.711
1,1,6,1,0.5,1.597
1,3,6,1,0.5,1.148
1,1,3,1,0.5,1.193
1,2,4,1,0.5,1.65
1,1,6,1,0.5,1.319
1,2,4,1,0.5,2.029
1,1,1,1,0.5,1.383
1,1,3,1,0.5,0.912
1,2,3,1,0.5,0.856
4,7,6,1,0.5,0.805
1,1,3,1,0.5,1.487
1,1,5,1,0.5,1.118
1,1,4,0,0.5,1.242
1,1,1,0,0.5,1.193
1,2,4,0,0.5,1.464
1,1,1,0,0.5,0.633
1,1,3,0,0.5,1.03
1,2,4,0,0.5,0.942
1,1,1,0,0.5,1.069
1,2,5,0,0.5,1.191
1,3,1,0,0.5,0.734
1,1,5,0,0.5,0.962
1,1,2,0,0.5,1.202
1,1,3,0,0.5,1.595
1,1,1,0,0.5,1.49
1,1,3,0,0.5,1.262
1,1,2,0,0.5,1.597
1,1,3,0,0.5,1.311
1,1,1,0,0.5,1.735
1,1,3,0,0.5,0.797
1,1,3,0,0.5,1.065
1,2,4,0,0.5,0.866
1,2,4,0,0.5,1.009
1,1,4,0,0.5,1.33
1,5,2,0,0.5,1.426
1,1,3,0,0.5,1.036
1,2,2,0,0.5,1.358
1,1,6,0,0.5,1.24
1,1,4,0,0.5,1.162
1,3,5,0,0.5,1.161
1,1,3,1,0.75,1.858
1,1,1,1,0.75,1.175
1,1,1,1,0.75,0.441
1,2,3,1,0.75,0.775
1,5,2,1,0.75,1.654
1,1,5,1,0.75,1.245
1,1,1,1,0.75,1.209
4,7,4,1,0.75,0.939
1,3,5,1,0.75,0.758
1,1,1,1,0.75,1.099
1,1,3,1,0.75,0.884
1,2,4,1,0.75,1.274
1,1,1,1,0.75,1.603
1,1,1,1,1.25,0.559
1,1,1,1,1.25,0.81
1,1,5,1,1.25,1.25
1,1,1,1,1.25,1.177
1,1,5,1,1.25,1.475
1,1,5,1,1.25,1.163
1,1,3,1,1.25,1.046
1,3,6,1,1.25,0.787
1,3,1,1,1.25,0.749
1,1,3,1,1.25,1.109
1,3,6,1,1.25,0.823
1,1,2,1,1.25,0.89
1,1,5,1,1.25,0.972
1,1,3,1,1.25,1.39
1,2,4,1,1.25,1.43
1,1,1,1,1.25,1.018
1,1,2,1,1.25,1.598
1,3,1,1,1.25,1.222
1,2,4,1,1.25,1.333
1,1,3,1,1.25,1.11
1,5,1,1,1.25,1.005
1,1,2,1,1.25,1.242
1,5,1,1,1.25,1.146
1,1,3,1,1.25,0.743
1,1,5,1,1.25,0.856
1,3,1,1,1.25,1.494
1,5,1,1,1.25,0.91
1,1,6,1,1.25,1.753
1,1,1,1,1.25,1.095
1,1,1,1,1.25,1.037
4,4,2,1,1.25,1.278
1,5,4,1,1.25,1.486
1,5,4,1,1.25,0.572
4,4,4,1,1.25,0.786
1,1,1,1,1.25,0.913
1,1,5,1,1.25,1.56
1,1,1,1,1.25,1.281
1,1,5,1,1.25,1.145
6,6,3,1,1.25,0.64
1,1,3,1,1.25,1.754
1,1,3,1,1.25,0.997
1,1,1,1,1.25,1.75
1,1,3,1,1.25,1.067
1,2,4,1,1.25,1.081
1,1,1,1,1.25,0.873
1,1,3,1,1.25,0.574
1,1,3,1,1.25,1.127
1,1,1,1,1.25,0.974
1,1,1,1,1.25,0.967
1,1,2,1,1.25,1.122
1,2,4,1,1.25,0.855
1,1,1,1,1.25,0.838
1,3,3,1,1.25,1.995
1,2,3,1,1.25,1.063
1,1,5,1,1.25,1.217
1,1,2,1,1.25,1.452
1,1,2,1,1.25,1.324
1,1,1,1,1.25,1.127
1,2,1,1,1.25,2.17
1,1,3,1,1.25,1.245
1,1,2,1,1.25,0.586
1,1,2,1,1.25,1.78
1,1,1,1,1.25,1.556
1,1,3,1,1.25,0.886
1,5,9,1,1.25,0.625
1,1,1,1,1.25,1.171
1,1,3,1,1.25,0.86
1,5,4,1,1.25,1.099
1,1,1,1,1.25,1.303
1,1,3,1,1.25,1.053
1,1,2,1,1.25,1.412
1,1,1,1,1.25,1.128
1,1,1,1,1.25,1.147
6,6,4,1,1.25,0.917
1,1,1,1,1.25,1.732
1,1,1,1,1.25,1.489
6,6,4,1,1.25,0.663
1,1,1,1,1.25,0.752
1,2,4,1,1.25,0.926
1,1,3,1,1.25,0.851
1,1,5,1,1.25,1.132
4,4,2,1,1.25,0.904
1,1,3,1,1.25,1.208
1,1,3,1,1.25,1.195
1,1,1,1,1.25,1.124
1,1,1,1,1.25,0.885
6,6,3,1,1.25,1.052
1,1,4,1,1.25,1.142
1,1,1,1,1.25,1.23
1,1,2,1,1.25,0.729
1,2,9,1,1.25,1.104
1,1,3,1,1.25,1.01
1,1,2,1,1.25,0.922
1,5,4,1,1.25,0.564
1,1,1,1,1.25,0.65
1,1,6,1,1.25,0.781
